Participant,Phase,StressSelf10,StressPred_cont,StressLevel10,meanHR_MyDev,SDNN_MyDev,RMSSD_MyDev,pNN50_MyDev,EDAmean_MyDev,EDAslope_MyDev,dHR,dSDNN,dRMSSD,dpNN50,dEDAmean,dEDAslope,TraitStress_z
6,Arithmetic,9,7.1906854241322,7,87.9994088503564,169.20033622141,5.38053127209369,0.0900900900900901,1.80364713429084,-5.19440754287688e-05,25.9293259119698,104.799241482994,1.72314467330943,0.0071418734767473,0.969329955110955,0.00155769835836364,1.04909949771104
6,Cold Press,9,7.8962510482217,8,72.2771276595741,39.545742670543,2.94900350372749,0.152091254752852,1.83874245407622,0.0951467605578394,10.2070447211875,-24.8553520678728,-0.70838309505677,0.0691430381395092,1.00442527489633,0.0967564029916318,1.04909949771104
6,Prep TSST,NaN,6.53950955774948,7,72.2205759554676,124.66503733601,5.39027447492491,0.0963597430406852,0.928257593056493,0.000225124894748287,10.150493017081,60.2639425975942,1.73288787614065,0.0134115264273424,0.093940413876608,0.0018347673285407,1.04909949771104
6,Relax 1,7,7.08489481246101,7,62.0700829383866,64.4010947384158,3.65738659878426,0.0829482166133428,0.834317179179885,-0.00160964243379241,0,0,0,0,0,0,1.04909949771104
6,Relax 2,NaN,7.38498991598192,7,69.2814555786247,141.64315181157,3.65012558494952,0.0437158469945355,1.50816629350574,-0.0058797055283289,7.2113726402381,77.2420570731542,-0.0072610138347402,-0.0392323696188073,0.673849114325855,-0.00427006309453649,1.04909949771104
6,Relax 3,NaN,7.57850449407977,8,66.8586293882696,100.850893856449,3.12202934498562,0.0630715862503942,1.47750448366845,-0.00535944573859113,4.78854644988301,36.4497991180332,-0.53535725379864,-0.0198766303629486,0.643187304488565,-0.00374980330479872,1.04909949771104
6,Relax 4,NaN,8.12192704661834,8,64.019166273028,66.4139840872275,1.93370037906006,0.0354316759182709,1.86236474728825,-0.00964038332985093,1.94908333464141,2.01288934881171,-1.7236862197242,-0.0475165406950719,1.02804756810837,-0.00803074089605852,1.04909949771104
6,Stroop,9,7.89863424905326,8,69.3862465919423,63.1120109924828,2.73369614583864,0.0909090909090909,2.12304159344685,0.0151213963733272,7.3161636535557,-1.28908374593299,-0.92369045294562,0.0079608742957481,1.28872441426696,0.0167310388071196,1.04909949771104
6,TSST Speech,7,6.9690780809992,7,76.4638112122039,84.6539650364092,4.93256722750511,0.0602127517227537,1.90980855943861,0.00182139789038802,14.3937282738173,20.2528702979934,1.27518062872085,-0.0227354648905891,1.07549138025872,0.00343104032418043,1.04909949771104
